File,Qualified Name,Current R12 Grade,Manual Grade,Action,Evidence Summary,Best Practice Gap
scripts/build_aaa_node_v1.py,compose_heightmap.carve_river,D+,D+,ADD_CI_GATE_OR_WIRE,Standalone script callable with no callable-wiring row; not a default terrain runtime path and lacks CI gate integration.,"No attached per-callable live visual/engine proof; missing strict hydrology outputs, seam continuity, and rendered water proof."
scripts/build_aaa_node_v1.py,_build_water_surfaces,D+,D+,ADD_CI_GATE_OR_WIRE,Standalone script callable with no callable-wiring row; not a default terrain runtime path and lacks CI gate integration.,"No attached per-callable live visual/engine proof; missing strict hydrology outputs, seam continuity, and rendered water proof."
scripts/build_aaa_node_v1.py,_build_waterfall_preview,D+,D+,ADD_CI_GATE_OR_WIRE,Standalone script callable with no callable-wiring row; not a default terrain runtime path and lacks CI gate integration.,"No attached per-callable live visual/engine proof; missing strict hydrology outputs, seam continuity, and rendered water proof."
scripts/build_aaa_node_v1.py,_assign_water_material,D+,D+,ADD_CI_GATE_OR_WIRE,Standalone script callable with no callable-wiring row; not a default terrain runtime path and lacks CI gate integration.,"No attached per-callable live visual/engine proof; missing strict hydrology outputs, seam continuity, and rendered water proof."
scripts/build_scene_v2.py,_make_water_plane,D+,D+,ADD_CI_GATE_OR_WIRE,Standalone script callable with no callable-wiring row; not a default terrain runtime path and lacks CI gate integration.,"No attached per-callable live visual/engine proof; missing strict hydrology outputs, seam continuity, and rendered water proof."
scripts/build_scene_v3.py,compose_heightmap.carve_river,D+,D+,ADD_CI_GATE_OR_WIRE,Standalone script callable with no callable-wiring row; not a default terrain runtime path and lacks CI gate integration.,"No attached per-callable live visual/engine proof; missing strict hydrology outputs, seam continuity, and rendered water proof."
scripts/build_scene_v3.py,make_water_material,D+,D+,ADD_CI_GATE_OR_WIRE,Standalone script callable with no callable-wiring row; not a default terrain runtime path and lacks CI gate integration.,"No attached per-callable live visual/engine proof; missing strict hydrology outputs, seam continuity, and rendered water proof."
scripts/build_scene_v3.py,build_water_surfaces,D+,D+,ADD_CI_GATE_OR_WIRE,Standalone script callable with no callable-wiring row; not a default terrain runtime path and lacks CI gate integration.,"No attached per-callable live visual/engine proof; missing strict hydrology outputs, seam continuity, and rendered water proof."
veilbreakers_terrain/handlers/_biome_grammar.py,compute_spring_line_mask,D+,D+,DEPRECATE_OR_REMOVE,R12 wiring scan marks orphan_candidate; no practical production runtime caller was accepted for strict audit.,"No attached per-callable live visual/engine proof; missing strict hydrology outputs, seam continuity, and rendered water proof."
veilbreakers_terrain/handlers/_biome_grammar.py,apply_hot_spring_features,C,C,WIRE_OR_DEPRECATE,Test-only or unwired according to R12; needs production wiring or removal before any higher grade.,"No attached per-callable live visual/engine proof; missing strict hydrology outputs, seam continuity, and rendered water proof."
veilbreakers_terrain/handlers/_scatter_engine.py,generate_waterfall,C+,C+,ADD_LIVE_VISUAL_GOLDEN,"Helper reachable from runtime/test paths, but strict B evidence is incomplete without live visual/engine proof.","No attached per-callable live visual/engine proof; missing strict hydrology outputs, seam continuity, and rendered water proof."
veilbreakers_terrain/handlers/_terrain_depth.py,generate_waterfall_mesh,C,D+,DEPRECATE_OR_REMOVE,R12 marks test_only_or_unwired and practical scan found no accepted production caller; treat as dead/unwired.,"No attached per-callable live visual/engine proof; missing strict hydrology outputs, seam continuity, and rendered water proof."
veilbreakers_terrain/handlers/_terrain_erosion.py,compute_stream_power_erosion,C+,C+,ADD_LIVE_VISUAL_GOLDEN,"Helper reachable from runtime/test paths, but strict B evidence is incomplete without live visual/engine proof.","No attached per-callable live visual/engine proof; missing strict hydrology outputs, seam continuity, and rendered water proof."
veilbreakers_terrain/handlers/_terrain_erosion.py,compute_stream_power_erosion._build_receivers,C,C,ADD_DIRECT_TESTS,"Helper reachable, but direct tests and parent-surface proof are incomplete.","No attached per-callable live visual/engine proof; missing strict hydrology outputs, seam continuity, and rendered water proof."
veilbreakers_terrain/handlers/_terrain_noise.py,carve_river_path,C+,C+,ADD_LIVE_VISUAL_GOLDEN,"Helper reachable from runtime/test paths, but strict B evidence is incomplete without live visual/engine proof.","No attached per-callable live visual/engine proof; missing strict hydrology outputs, seam continuity, and rendered water proof."
veilbreakers_terrain/handlers/_water_network.py,WaterEdgeContract,D+,C,ADD_DIRECT_TESTS,"Runtime data model used by nearby helpers, but class itself lacks direct contract tests and live surface proof.","No attached per-callable live visual/engine proof; missing strict hydrology outputs, seam continuity, and rendered water proof."
veilbreakers_terrain/handlers/_water_network.py,WaterNode,D+,C,ADD_DIRECT_TESTS,"Runtime data model used by nearby helpers, but class itself lacks direct contract tests and live surface proof.","No attached per-callable live visual/engine proof; missing strict hydrology outputs, seam continuity, and rendered water proof."
veilbreakers_terrain/handlers/_water_network.py,WaterSegment,D+,C,ADD_DIRECT_TESTS,"Runtime data model used by nearby helpers, but class itself lacks direct contract tests and live surface proof.","No attached per-callable live visual/engine proof; missing strict hydrology outputs, seam continuity, and rendered water proof."
veilbreakers_terrain/handlers/_water_network.py,compute_river_width,C+,C+,ADD_LIVE_VISUAL_GOLDEN,"Helper reachable from runtime/test paths, but strict B evidence is incomplete without live visual/engine proof.","No attached per-callable live visual/engine proof; missing strict hydrology outputs, seam continuity, and rendered water proof."
veilbreakers_terrain/handlers/_water_network.py,_compute_river_depth,C,C,ADD_DIRECT_TESTS,"Helper reachable, but direct tests and parent-surface proof are incomplete.","No attached per-callable live visual/engine proof; missing strict hydrology outputs, seam continuity, and rendered water proof."
veilbreakers_terrain/handlers/_water_network.py,trace_river_from_flow,C+,C+,ADD_LIVE_VISUAL_GOLDEN,"Helper reachable from runtime/test paths, but strict B evidence is incomplete without live visual/engine proof.","No attached per-callable live visual/engine proof; missing strict hydrology outputs, seam continuity, and rendered water proof."
veilbreakers_terrain/handlers/_water_network.py,_build_sine_generated_waypoints,C,C,ADD_DIRECT_TESTS,"Helper reachable, but direct tests and parent-surface proof are incomplete.","No attached per-callable live visual/engine proof; missing strict hydrology outputs, seam continuity, and rendered water proof."
veilbreakers_terrain/handlers/_water_network.py,_resolve_flats_epsilon,C,C,ADD_DIRECT_TESTS,"Helper reachable, but direct tests and parent-surface proof are incomplete.","No attached per-callable live visual/engine proof; missing strict hydrology outputs, seam continuity, and rendered water proof."
veilbreakers_terrain/handlers/_water_network.py,priority_flood_d8,C+,C+,ADD_LIVE_VISUAL_GOLDEN,"Helper reachable from runtime/test paths, but strict B evidence is incomplete without live visual/engine proof.","No attached per-callable live visual/engine proof; missing strict hydrology outputs, seam continuity, and rendered water proof."
veilbreakers_terrain/handlers/_water_network.py,pass_hydrology,C+,C+,ADD_LIVE_VISUAL_GOLDEN,"Runtime-primary path with some test/caller evidence, but strict B evidence is incomplete without live visual/engine proof.","No attached per-callable live visual/engine proof; missing strict hydrology outputs, seam continuity, and rendered water proof."
veilbreakers_terrain/handlers/_water_network.py,register_pass_hydrology,C,C,ADD_DIRECT_TESTS,"Runtime-primary path, but direct contract/behavior tests are incomplete for strict grading.","No attached per-callable live visual/engine proof; missing strict hydrology outputs, seam continuity, and rendered water proof."
veilbreakers_terrain/handlers/_water_network.py,pass_water_flow_speed,C+,C+,ADD_LIVE_VISUAL_GOLDEN,"Runtime-primary path with some test/caller evidence, but strict B evidence is incomplete without live visual/engine proof.","No attached per-callable live visual/engine proof; missing strict hydrology outputs, seam continuity, and rendered water proof."
veilbreakers_terrain/handlers/_water_network.py,compute_flow_direction_field,C+,C+,ADD_LIVE_VISUAL_GOLDEN,"Helper reachable from runtime/test paths, but strict B evidence is incomplete without live visual/engine proof.","No attached per-callable live visual/engine proof; missing strict hydrology outputs, seam continuity, and rendered water proof."
veilbreakers_terrain/handlers/_water_network.py,bake_flow_direction_vertex_color,C,D+,DEPRECATE_OR_REMOVE,R12 marks test_only_or_unwired and practical scan found no accepted production caller; treat as dead/unwired.,"No attached per-callable live visual/engine proof; missing strict hydrology outputs, seam continuity, and rendered water proof."
veilbreakers_terrain/handlers/_water_network.py,register_pass_water_flow_speed,C,C,ADD_DIRECT_TESTS,"Runtime-primary path, but direct contract/behavior tests are incomplete for strict grading.","No attached per-callable live visual/engine proof; missing strict hydrology outputs, seam continuity, and rendered water proof."
veilbreakers_terrain/handlers/_water_network.py,detect_lakes,C+,C+,ADD_LIVE_VISUAL_GOLDEN,"Helper reachable from runtime/test paths, but strict B evidence is incomplete without live visual/engine proof.","No attached per-callable live visual/engine proof; missing strict hydrology outputs, seam continuity, and rendered water proof."
veilbreakers_terrain/handlers/_water_network.py,detect_waterfalls,C,C,ADD_DIRECT_TESTS,"Helper reachable, but direct tests and parent-surface proof are incomplete.","No attached per-callable live visual/engine proof; missing strict hydrology outputs, seam continuity, and rendered water proof."
veilbreakers_terrain/handlers/_water_network.py,_find_high_accumulation_sources,C,C,ADD_DIRECT_TESTS,"Helper reachable, but direct tests and parent-surface proof are incomplete.","No attached per-callable live visual/engine proof; missing strict hydrology outputs, seam continuity, and rendered water proof."
veilbreakers_terrain/handlers/_water_network.py,compute_velocity_field,C,C,ADD_DIRECT_TESTS,"Helper reachable, but direct tests and parent-surface proof are incomplete.","No attached per-callable live visual/engine proof; missing strict hydrology outputs, seam continuity, and rendered water proof."
veilbreakers_terrain/handlers/_water_network.py,WaterNetwork,D+,C+,ADD_LIVE_VISUAL_GOLDEN,"Runtime model is used by environment WaterNetwork.from_heightmap paths and tests instantiate it, but no per-callable live visual/engine proof.","No attached per-callable live visual/engine proof; missing strict hydrology outputs, seam continuity, and rendered water proof."
veilbreakers_terrain/handlers/_water_network.py,WaterNetwork._alloc_node_id,C,C,ADD_DIRECT_TESTS,"Helper reachable, but direct tests and parent-surface proof are incomplete.","No attached per-callable live visual/engine proof; missing strict hydrology outputs, seam continuity, and rendered water proof."
veilbreakers_terrain/handlers/_water_network.py,WaterNetwork._alloc_segment_id,C,C,ADD_DIRECT_TESTS,"Helper reachable, but direct tests and parent-surface proof are incomplete.","No attached per-callable live visual/engine proof; missing strict hydrology outputs, seam continuity, and rendered water proof."
veilbreakers_terrain/handlers/_water_network.py,WaterNetwork._alloc_network_id,C,C,ADD_DIRECT_TESTS,"Helper reachable, but direct tests and parent-surface proof are incomplete.","No attached per-callable live visual/engine proof; missing strict hydrology outputs, seam continuity, and rendered water proof."
veilbreakers_terrain/handlers/_water_network.py,WaterNetwork._grid_to_world,C,C,ADD_DIRECT_TESTS,"Helper reachable, but direct tests and parent-surface proof are incomplete.","No attached per-callable live visual/engine proof; missing strict hydrology outputs, seam continuity, and rendered water proof."
veilbreakers_terrain/handlers/_water_network.py,WaterNetwork.from_heightmap,C,C,ADD_DIRECT_TESTS,"Helper reachable, but direct tests and parent-surface proof are incomplete.","No attached per-callable live visual/engine proof; missing strict hydrology outputs, seam continuity, and rendered water proof."
veilbreakers_terrain/handlers/_water_network.py,WaterNetwork._manning_discharge,C,C,ADD_DIRECT_TESTS,"Helper reachable, but direct tests and parent-surface proof are incomplete.","No attached per-callable live visual/engine proof; missing strict hydrology outputs, seam continuity, and rendered water proof."
veilbreakers_terrain/handlers/_water_network.py,WaterNetwork._compute_tile_contracts,C+,C+,ADD_LIVE_VISUAL_GOLDEN,"Helper reachable from runtime/test paths, but strict B evidence is incomplete without live visual/engine proof.","No attached per-callable live visual/engine proof; missing strict hydrology outputs, seam continuity, and rendered water proof."
veilbreakers_terrain/handlers/_water_network.py,WaterNetwork._compute_tile_contracts._cell_center,C,C,ADD_DIRECT_TESTS,"Helper reachable, but direct tests and parent-surface proof are incomplete.","No attached per-callable live visual/engine proof; missing strict hydrology outputs, seam continuity, and rendered water proof."
veilbreakers_terrain/handlers/_water_network.py,WaterNetwork._compute_tile_contracts._liang_barsky_t,D+,D+,DEPRECATE_OR_REMOVE,R12 wiring scan marks orphan_candidate; no practical production runtime caller was accepted for strict audit.,"No attached per-callable live visual/engine proof; missing strict hydrology outputs, seam continuity, and rendered water proof."
veilbreakers_terrain/handlers/_water_network.py,WaterNetwork.get_tile_contracts,C,C,ADD_DIRECT_TESTS,"Helper reachable, but direct tests and parent-surface proof are incomplete.","No attached per-callable live visual/engine proof; missing strict hydrology outputs, seam continuity, and rendered water proof."
veilbreakers_terrain/handlers/_water_network.py,WaterNetwork.get_edge_head_levels,D+,D+,DEPRECATE_OR_REMOVE,R12 wiring scan marks orphan_candidate; no practical production runtime caller was accepted for strict audit.,"No attached per-callable live visual/engine proof; missing strict hydrology outputs, seam continuity, and rendered water proof."
veilbreakers_terrain/handlers/_water_network.py,WaterNetwork.get_velocity_field,D+,D+,DEPRECATE_OR_REMOVE,R12 wiring scan marks orphan_candidate; no practical production runtime caller was accepted for strict audit.,"No attached per-callable live visual/engine proof; missing strict hydrology outputs, seam continuity, and rendered water proof."
veilbreakers_terrain/handlers/_water_network.py,WaterNetwork.validate_seam_continuity,D+,D+,DEPRECATE_OR_REMOVE,R12 wiring scan marks orphan_candidate; no practical production runtime caller was accepted for strict audit.,"No attached per-callable live visual/engine proof; missing strict hydrology outputs, seam continuity, and rendered water proof."
veilbreakers_terrain/handlers/_water_network.py,WaterNetwork.get_tile_water_features,C,C,ADD_DIRECT_TESTS,"Helper reachable, but direct tests and parent-surface proof are incomplete.","No attached per-callable live visual/engine proof; missing strict hydrology outputs, seam continuity, and rendered water proof."
veilbreakers_terrain/handlers/_water_network.py,WaterNetwork.compute_strahler_orders,C+,C+,ADD_LIVE_VISUAL_GOLDEN,"Helper reachable from runtime/test paths, but strict B evidence is incomplete without live visual/engine proof.","No attached per-callable live visual/engine proof; missing strict hydrology outputs, seam continuity, and rendered water proof."
veilbreakers_terrain/handlers/_water_network.py,WaterNetwork.compute_shreve_orders,C,C,ADD_DIRECT_TESTS,"Helper reachable, but direct tests and parent-surface proof are incomplete.","No attached per-callable live visual/engine proof; missing strict hydrology outputs, seam continuity, and rendered water proof."
veilbreakers_terrain/handlers/_water_network.py,WaterNetwork.assign_strahler_orders,C+,C+,ADD_LIVE_VISUAL_GOLDEN,"Helper reachable from runtime/test paths, but strict B evidence is incomplete without live visual/engine proof.","No attached per-callable live visual/engine proof; missing strict hydrology outputs, seam continuity, and rendered water proof."
veilbreakers_terrain/handlers/_water_network.py,WaterNetwork.get_trunk_segments,C,D+,DEPRECATE_OR_REMOVE,R12 marks test_only_or_unwired and practical scan found no accepted production caller; treat as dead/unwired.,"No attached per-callable live visual/engine proof; missing strict hydrology outputs, seam continuity, and rendered water proof."
veilbreakers_terrain/handlers/_water_network.py,WaterNetwork.to_dict._to_py,C,C,ADD_DIRECT_TESTS,"Helper reachable, but direct tests and parent-surface proof are incomplete.","No attached per-callable live visual/engine proof; missing strict hydrology outputs, seam continuity, and rendered water proof."
veilbreakers_terrain/handlers/_water_network.py,_apply_delta_fan,C,C,ADD_DIRECT_TESTS,"Helper reachable, but direct tests and parent-surface proof are incomplete.","No attached per-callable live visual/engine proof; missing strict hydrology outputs, seam continuity, and rendered water proof."
veilbreakers_terrain/handlers/_water_network.py,detect_river_mouth_zones,C,C,ADD_DIRECT_TESTS,"Helper reachable, but direct tests and parent-surface proof are incomplete.","No attached per-callable live visual/engine proof; missing strict hydrology outputs, seam continuity, and rendered water proof."
veilbreakers_terrain/handlers/_water_network.py,_build_delta_fan_direction,C,C,ADD_DIRECT_TESTS,"Helper reachable, but direct tests and parent-surface proof are incomplete.","No attached per-callable live visual/engine proof; missing strict hydrology outputs, seam continuity, and rendered water proof."
veilbreakers_terrain/handlers/_water_network.py,_build_confluence_foam,C,C,ADD_DIRECT_TESTS,"Helper reachable, but direct tests and parent-surface proof are incomplete.","No attached per-callable live visual/engine proof; missing strict hydrology outputs, seam continuity, and rendered water proof."
veilbreakers_terrain/handlers/_water_network.py,pass_river_convergence,C,C,ADD_DIRECT_TESTS,"Runtime-primary path, but direct contract/behavior tests are incomplete for strict grading.","No attached per-callable live visual/engine proof; missing strict hydrology outputs, seam continuity, and rendered water proof."
veilbreakers_terrain/handlers/_water_network.py,register_pass_river_convergence,C,C,ADD_DIRECT_TESTS,"Runtime-primary path, but direct contract/behavior tests are incomplete for strict grading.","No attached per-callable live visual/engine proof; missing strict hydrology outputs, seam continuity, and rendered water proof."
veilbreakers_terrain/handlers/_water_network.py,build_braided_polylines,C+,C+,ADD_LIVE_VISUAL_GOLDEN,"Helper reachable from runtime/test paths, but strict B evidence is incomplete without live visual/engine proof.","No attached per-callable live visual/engine proof; missing strict hydrology outputs, seam continuity, and rendered water proof."
veilbreakers_terrain/handlers/_water_network.py,validate_flow_direction_continuity,C,C,WIRE_OR_DEPRECATE,Test-only or unwired according to R12; needs production wiring or removal before any higher grade.,"No attached per-callable live visual/engine proof; missing strict hydrology outputs, seam continuity, and rendered water proof."
veilbreakers_terrain/handlers/_water_network.py,validate_flow_direction_continuity._sample_polyline,C,C,ADD_DIRECT_TESTS,"Helper reachable, but direct tests and parent-surface proof are incomplete.","No attached per-callable live visual/engine proof; missing strict hydrology outputs, seam continuity, and rendered water proof."
veilbreakers_terrain/handlers/_water_network_ext.py,add_meander,C,C,WIRE_OR_DEPRECATE,Test-only or unwired according to R12; needs production wiring or removal before any higher grade.,"No attached per-callable live visual/engine proof; missing strict hydrology outputs, seam continuity, and rendered water proof."
veilbreakers_terrain/handlers/_water_network_ext.py,apply_bank_asymmetry,C,C,WIRE_OR_DEPRECATE,Test-only or unwired according to R12; needs production wiring or removal before any higher grade.,"No attached per-callable live visual/engine proof; missing strict hydrology outputs, seam continuity, and rendered water proof."
veilbreakers_terrain/handlers/_water_network_ext.py,solve_outflow,C,C,WIRE_OR_DEPRECATE,Test-only or unwired according to R12; needs production wiring or removal before any higher grade.,"No attached per-callable live visual/engine proof; missing strict hydrology outputs, seam continuity, and rendered water proof."
veilbreakers_terrain/handlers/_water_network_ext.py,_world_to_grid,C+,C+,ADD_LIVE_VISUAL_GOLDEN,"Helper reachable from runtime/test paths, but strict B evidence is incomplete without live visual/engine proof.","No attached per-callable live visual/engine proof; missing strict hydrology outputs, seam continuity, and rendered water proof."
veilbreakers_terrain/handlers/_water_network_ext.py,compute_wet_rock_mask,C+,C+,ADD_LIVE_VISUAL_GOLDEN,"Helper reachable from runtime/test paths, but strict B evidence is incomplete without live visual/engine proof.","No attached per-callable live visual/engine proof; missing strict hydrology outputs, seam continuity, and rendered water proof."
veilbreakers_terrain/handlers/_water_network_ext.py,compute_wet_rock_mask._smoothstep01,C,C,ADD_DIRECT_TESTS,"Helper reachable, but direct tests and parent-surface proof are incomplete.","No attached per-callable live visual/engine proof; missing strict hydrology outputs, seam continuity, and rendered water proof."
veilbreakers_terrain/handlers/_water_network_ext.py,compute_wet_rock_mask._source_strength_at,C,C,ADD_DIRECT_TESTS,"Helper reachable, but direct tests and parent-surface proof are incomplete.","No attached per-callable live visual/engine proof; missing strict hydrology outputs, seam continuity, and rendered water proof."
veilbreakers_terrain/handlers/_water_network_ext.py,compute_foam_mask,C+,C+,ADD_LIVE_VISUAL_GOLDEN,"Helper reachable from runtime/test paths, but strict B evidence is incomplete without live visual/engine proof.","No attached per-callable live visual/engine proof; missing strict hydrology outputs, seam continuity, and rendered water proof."
veilbreakers_terrain/handlers/_water_network_ext.py,compute_mist_mask,C+,C+,ADD_LIVE_VISUAL_GOLDEN,"Helper reachable from runtime/test paths, but strict B evidence is incomplete without live visual/engine proof.","No attached per-callable live visual/engine proof; missing strict hydrology outputs, seam continuity, and rendered water proof."
veilbreakers_terrain/handlers/_water_network_ext.py,_tileable_value_noise,C,C,ADD_DIRECT_TESTS,"Helper reachable, but direct tests and parent-surface proof are incomplete.","No attached per-callable live visual/engine proof; missing strict hydrology outputs, seam continuity, and rendered water proof."
veilbreakers_terrain/handlers/_water_network_ext.py,compute_riverbed_caustics,C,C,WIRE_OR_DEPRECATE,Test-only or unwired according to R12; needs production wiring or removal before any higher grade.,"No attached per-callable live visual/engine proof; missing strict hydrology outputs, seam continuity, and rendered water proof."
veilbreakers_terrain/handlers/animation_environment.py,generate_water_wave_keyframes,C+,C+,ADD_LIVE_VISUAL_GOLDEN,"Runtime-primary path with some test/caller evidence, but strict B evidence is incomplete without live visual/engine proof.","No attached per-callable live visual/engine proof; missing strict hydrology outputs, seam continuity, and rendered water proof."
veilbreakers_terrain/handlers/animation_environment.py,generate_water_ripple_keyframes,C,C,ADD_DIRECT_TESTS,"Runtime-primary path, but direct contract/behavior tests are incomplete for strict grading.","No attached per-callable live visual/engine proof; missing strict hydrology outputs, seam continuity, and rendered water proof."
veilbreakers_terrain/handlers/animation_environment.py,generate_waterfall_keyframes,C,C,ADD_DIRECT_TESTS,"Runtime-primary path, but direct contract/behavior tests are incomplete for strict grading.","No attached per-callable live visual/engine proof; missing strict hydrology outputs, seam continuity, and rendered water proof."
veilbreakers_terrain/handlers/environment.py,_resolve_water_path_points,C+,C+,ADD_LIVE_VISUAL_GOLDEN,"Helper reachable from runtime/test paths, but strict B evidence is incomplete without live visual/engine proof.","No attached per-callable live visual/engine proof; missing strict hydrology outputs, seam continuity, and rendered water proof."
veilbreakers_terrain/handlers/environment.py,_smooth_river_path_points,C+,C+,ADD_LIVE_VISUAL_GOLDEN,"Helper reachable from runtime/test paths, but strict B evidence is incomplete without live visual/engine proof.","No attached per-callable live visual/engine proof; missing strict hydrology outputs, seam continuity, and rendered water proof."
veilbreakers_terrain/handlers/environment.py,handle_generate_waterfall,C+,C+,ADD_LIVE_VISUAL_GOLDEN,"Runtime-primary path with some test/caller evidence, but strict B evidence is incomplete without live visual/engine proof.","No attached per-callable live visual/engine proof; missing strict hydrology outputs, seam continuity, and rendered water proof."
veilbreakers_terrain/handlers/environment.py,handle_generate_waterfall._coerce_facing_direction,C,C,ADD_DIRECT_TESTS,"Helper reachable, but direct tests and parent-surface proof are incomplete.","No attached per-callable live visual/engine proof; missing strict hydrology outputs, seam continuity, and rendered water proof."
veilbreakers_terrain/handlers/environment.py,handle_carve_river,C,C,ADD_DIRECT_TESTS,"Runtime-primary path, but direct contract/behavior tests are incomplete for strict grading.","No attached per-callable live visual/engine proof; missing strict hydrology outputs, seam continuity, and rendered water proof."
veilbreakers_terrain/handlers/environment.py,_apply_river_profile_to_heightmap,C,C,ADD_DIRECT_TESTS,"Helper reachable, but direct tests and parent-surface proof are incomplete.","No attached per-callable live visual/engine proof; missing strict hydrology outputs, seam continuity, and rendered water proof."
veilbreakers_terrain/handlers/environment.py,_apply_river_profile_to_heightmap._ss,C,C,ADD_DIRECT_TESTS,"Helper reachable, but direct tests and parent-surface proof are incomplete.","No attached per-callable live visual/engine proof; missing strict hydrology outputs, seam continuity, and rendered water proof."
veilbreakers_terrain/handlers/environment.py,_apply_river_profile_to_heightmap._seg_dist,C,C,ADD_DIRECT_TESTS,"Helper reachable, but direct tests and parent-surface proof are incomplete.","No attached per-callable live visual/engine proof; missing strict hydrology outputs, seam continuity, and rendered water proof."
veilbreakers_terrain/handlers/environment.py,_derive_river_surface_levels,C,C,ADD_DIRECT_TESTS,"Helper reachable, but direct tests and parent-surface proof are incomplete.","No attached per-callable live visual/engine proof; missing strict hydrology outputs, seam continuity, and rendered water proof."
veilbreakers_terrain/handlers/environment.py,_carve_river_banks_into_terrain,C,C,ADD_DIRECT_TESTS,"Helper reachable, but direct tests and parent-surface proof are incomplete.","No attached per-callable live visual/engine proof; missing strict hydrology outputs, seam continuity, and rendered water proof."
veilbreakers_terrain/handlers/environment.py,_sanitize_waterfall_chain_id,C,C,ADD_DIRECT_TESTS,"Helper reachable, but direct tests and parent-surface proof are incomplete.","No attached per-callable live visual/engine proof; missing strict hydrology outputs, seam continuity, and rendered water proof."
veilbreakers_terrain/handlers/environment.py,_resolve_waterfall_chain_id,C,C,ADD_DIRECT_TESTS,"Helper reachable, but direct tests and parent-surface proof are incomplete.","No attached per-callable live visual/engine proof; missing strict hydrology outputs, seam continuity, and rendered water proof."
veilbreakers_terrain/handlers/environment.py,_infer_waterfall_functional_positions,C,C,ADD_DIRECT_TESTS,"Helper reachable, but direct tests and parent-surface proof are incomplete.","No attached per-callable live visual/engine proof; missing strict hydrology outputs, seam continuity, and rendered water proof."
veilbreakers_terrain/handlers/environment.py,_publish_waterfall_functional_objects,C,C,ADD_DIRECT_TESTS,"Helper reachable, but direct tests and parent-surface proof are incomplete.","No attached per-callable live visual/engine proof; missing strict hydrology outputs, seam continuity, and rendered water proof."
veilbreakers_terrain/handlers/environment.py,_ensure_water_material,C,C,ADD_DIRECT_TESTS,"Helper reachable, but direct tests and parent-surface proof are incomplete.","No attached per-callable live visual/engine proof; missing strict hydrology outputs, seam continuity, and rendered water proof."
veilbreakers_terrain/handlers/environment.py,_apply_water_object_settings,C,C,ADD_DIRECT_TESTS,"Helper reachable, but direct tests and parent-surface proof are incomplete.","No attached per-callable live visual/engine proof; missing strict hydrology outputs, seam continuity, and rendered water proof."
veilbreakers_terrain/handlers/environment.py,_resolve_river_bank_contact,C+,C+,ADD_LIVE_VISUAL_GOLDEN,"Helper reachable from runtime/test paths, but strict B evidence is incomplete without live visual/engine proof.","No attached per-callable live visual/engine proof; missing strict hydrology outputs, seam continuity, and rendered water proof."
veilbreakers_terrain/handlers/environment.py,_resolve_river_bank_contact._safe_sample,C,C,ADD_DIRECT_TESTS,"Helper reachable, but direct tests and parent-surface proof are incomplete.","No attached per-callable live visual/engine proof; missing strict hydrology outputs, seam continuity, and rendered water proof."
veilbreakers_terrain/handlers/environment.py,_resolve_river_terminal_width_scale,C+,C+,ADD_LIVE_VISUAL_GOLDEN,"Helper reachable from runtime/test paths, but strict B evidence is incomplete without live visual/engine proof.","No attached per-callable live visual/engine proof; missing strict hydrology outputs, seam continuity, and rendered water proof."
veilbreakers_terrain/handlers/environment.py,_build_level_water_surface_from_terrain,C,C,ADD_DIRECT_TESTS,"Helper reachable, but direct tests and parent-surface proof are incomplete.","No attached per-callable live visual/engine proof; missing strict hydrology outputs, seam continuity, and rendered water proof."
veilbreakers_terrain/handlers/environment.py,_build_level_water_surface_from_terrain._shore_factor,C,C,ADD_DIRECT_TESTS,"Helper reachable, but direct tests and parent-surface proof are incomplete.","No attached per-callable live visual/engine proof; missing strict hydrology outputs, seam continuity, and rendered water proof."
veilbreakers_terrain/handlers/environment.py,_build_level_water_surface_from_terrain._cell_flow_dir_vec,C,C,ADD_DIRECT_TESTS,"Helper reachable, but direct tests and parent-surface proof are incomplete.","No attached per-callable live visual/engine proof; missing strict hydrology outputs, seam continuity, and rendered water proof."
veilbreakers_terrain/handlers/environment.py,_build_level_water_surface_from_terrain._vertex_slope,C,C,ADD_DIRECT_TESTS,"Helper reachable, but direct tests and parent-surface proof are incomplete.","No attached per-callable live visual/engine proof; missing strict hydrology outputs, seam continuity, and rendered water proof."
veilbreakers_terrain/handlers/environment.py,handle_create_water,C+,C+,ADD_LIVE_VISUAL_GOLDEN,"Runtime-primary path with some test/caller evidence, but strict B evidence is incomplete without live visual/engine proof.","No attached per-callable live visual/engine proof; missing strict hydrology outputs, seam continuity, and rendered water proof."
veilbreakers_terrain/handlers/environment.py,_priority_flood_fill_basin,C,C,ADD_DIRECT_TESTS,"Helper reachable, but direct tests and parent-surface proof are incomplete.","No attached per-callable live visual/engine proof; missing strict hydrology outputs, seam continuity, and rendered water proof."
veilbreakers_terrain/handlers/environment.py,handle_carve_water_basin,C,C,ADD_DIRECT_TESTS,"Runtime-primary path, but direct contract/behavior tests are incomplete for strict grading.","No attached per-callable live visual/engine proof; missing strict hydrology outputs, seam continuity, and rendered water proof."
veilbreakers_terrain/handlers/environment.py,handle_carve_water_basin._ss,C,C,ADD_DIRECT_TESTS,"Helper reachable, but direct tests and parent-surface proof are incomplete.","No attached per-callable live visual/engine proof; missing strict hydrology outputs, seam continuity, and rendered water proof."
veilbreakers_terrain/handlers/environment_scatter.py,_scatter_pass._water_mask_at,C,C,ADD_DIRECT_TESTS,"Helper reachable, but direct tests and parent-surface proof are incomplete.","No attached per-callable live visual/engine proof; missing strict hydrology outputs, seam continuity, and rendered water proof."
veilbreakers_terrain/handlers/terrain_features.py,generate_waterfall,C+,C+,ADD_LIVE_VISUAL_GOLDEN,"Helper reachable from runtime/test paths, but strict B evidence is incomplete without live visual/engine proof.","No attached per-callable live visual/engine proof; missing strict hydrology outputs, seam continuity, and rendered water proof."
veilbreakers_terrain/handlers/terrain_readability_semantic.py,check_waterfall_chain_completeness,C+,C+,ADD_LIVE_VISUAL_GOLDEN,"Helper reachable from runtime/test paths, but strict B evidence is incomplete without live visual/engine proof.","No attached per-callable live visual/engine proof; missing strict hydrology outputs, seam continuity, and rendered water proof."
veilbreakers_terrain/handlers/terrain_twelve_step.py,_detect_waterfall_lips_stub,C,C,ADD_DIRECT_TESTS,"Helper reachable, but direct tests and parent-surface proof are incomplete.","No attached per-callable live visual/engine proof; missing strict hydrology outputs, seam continuity, and rendered water proof."
veilbreakers_terrain/handlers/terrain_twelve_step.py,_generate_water_body_specs,C,C,ADD_DIRECT_TESTS,"Helper reachable, but direct tests and parent-surface proof are incomplete.","No attached per-callable live visual/engine proof; missing strict hydrology outputs, seam continuity, and rendered water proof."
veilbreakers_terrain/handlers/terrain_unity_export.py,_water_shader_manifest_json,C+,C+,ADD_LIVE_VISUAL_GOLDEN,"Helper reachable from runtime/test paths, but strict B evidence is incomplete without live visual/engine proof.","No attached per-callable live visual/engine proof; missing strict hydrology outputs, seam continuity, and rendered water proof."
veilbreakers_terrain/handlers/terrain_unity_export.py,_water_shader_manifest_json._common_material,C,C,ADD_DIRECT_TESTS,"Helper reachable, but direct tests and parent-surface proof are incomplete.","No attached per-callable live visual/engine proof; missing strict hydrology outputs, seam continuity, and rendered water proof."
veilbreakers_terrain/handlers/terrain_validation.py,check_waterfall_chain_completeness,C+,C+,ADD_LIVE_VISUAL_GOLDEN,"Helper reachable from runtime/test paths, but strict B evidence is incomplete without live visual/engine proof.","No attached per-callable live visual/engine proof; missing strict hydrology outputs, seam continuity, and rendered water proof."
veilbreakers_terrain/handlers/terrain_water_variants.py,BraidedChannels,D+,C,ADD_DIRECT_TESTS,"Runtime data model used by nearby helpers, but class itself lacks direct contract tests and live surface proof.","No attached per-callable live visual/engine proof; missing strict hydrology outputs, seam continuity, and rendered water proof."
veilbreakers_terrain/handlers/terrain_water_variants.py,Estuary,D+,C,ADD_DIRECT_TESTS,"Runtime data model used by nearby helpers, but class itself lacks direct contract tests and live surface proof.","No attached per-callable live visual/engine proof; missing strict hydrology outputs, seam continuity, and rendered water proof."
veilbreakers_terrain/handlers/terrain_water_variants.py,KarstSpring,D+,C,ADD_DIRECT_TESTS,"Runtime data model used by nearby helpers, but class itself lacks direct contract tests and live surface proof.","No attached per-callable live visual/engine proof; missing strict hydrology outputs, seam continuity, and rendered water proof."
veilbreakers_terrain/handlers/terrain_water_variants.py,PerchedLake,D+,C,ADD_DIRECT_TESTS,"Runtime data model used by nearby helpers, but class itself lacks direct contract tests and live surface proof.","No attached per-callable live visual/engine proof; missing strict hydrology outputs, seam continuity, and rendered water proof."
veilbreakers_terrain/handlers/terrain_water_variants.py,HotSpring,D+,C,ADD_DIRECT_TESTS,"Runtime data model used by nearby helpers, but class itself lacks direct contract tests and live surface proof.","No attached per-callable live visual/engine proof; missing strict hydrology outputs, seam continuity, and rendered water proof."
veilbreakers_terrain/handlers/terrain_water_variants.py,Wetland,D+,C,ADD_DIRECT_TESTS,"Runtime data model used by nearby helpers, but class itself lacks direct contract tests and live surface proof.","No attached per-callable live visual/engine proof; missing strict hydrology outputs, seam continuity, and rendered water proof."
veilbreakers_terrain/handlers/terrain_water_variants.py,SeasonalState,D+,C,ADD_DIRECT_TESTS,"Runtime data model used by nearby helpers, but class itself lacks direct contract tests and live surface proof.","No attached per-callable live visual/engine proof; missing strict hydrology outputs, seam continuity, and rendered water proof."
veilbreakers_terrain/handlers/terrain_water_variants.py,_as_polyline,C,C,ADD_DIRECT_TESTS,"Helper reachable, but direct tests and parent-surface proof are incomplete.","No attached per-callable live visual/engine proof; missing strict hydrology outputs, seam continuity, and rendered water proof."
veilbreakers_terrain/handlers/terrain_water_variants.py,_region_slice,C+,C+,ADD_LIVE_VISUAL_GOLDEN,"Helper reachable from runtime/test paths, but strict B evidence is incomplete without live visual/engine proof.","No attached per-callable live visual/engine proof; missing strict hydrology outputs, seam continuity, and rendered water proof."
veilbreakers_terrain/handlers/terrain_water_variants.py,_protected_mask,C+,C+,ADD_LIVE_VISUAL_GOLDEN,"Helper reachable from runtime/test paths, but strict B evidence is incomplete without live visual/engine proof.","No attached per-callable live visual/engine proof; missing strict hydrology outputs, seam continuity, and rendered water proof."
veilbreakers_terrain/handlers/terrain_water_variants.py,generate_braided_channels,C+,C+,ADD_LIVE_VISUAL_GOLDEN,"Helper reachable from runtime/test paths, but strict B evidence is incomplete without live visual/engine proof.","No attached per-callable live visual/engine proof; missing strict hydrology outputs, seam continuity, and rendered water proof."
veilbreakers_terrain/handlers/terrain_water_variants.py,detect_estuary,C,C,WIRE_OR_DEPRECATE,Test-only or unwired according to R12; needs production wiring or removal before any higher grade.,"No attached per-callable live visual/engine proof; missing strict hydrology outputs, seam continuity, and rendered water proof."
veilbreakers_terrain/handlers/terrain_water_variants.py,detect_karst_springs,C,C,WIRE_OR_DEPRECATE,Test-only or unwired according to R12; needs production wiring or removal before any higher grade.,"No attached per-callable live visual/engine proof; missing strict hydrology outputs, seam continuity, and rendered water proof."
veilbreakers_terrain/handlers/terrain_water_variants.py,detect_perched_lakes,C+,C+,ADD_LIVE_VISUAL_GOLDEN,"Helper reachable from runtime/test paths, but strict B evidence is incomplete without live visual/engine proof.","No attached per-callable live visual/engine proof; missing strict hydrology outputs, seam continuity, and rendered water proof."
veilbreakers_terrain/handlers/terrain_water_variants.py,detect_hot_springs,C+,C+,ADD_LIVE_VISUAL_GOLDEN,"Helper reachable from runtime/test paths, but strict B evidence is incomplete without live visual/engine proof.","No attached per-callable live visual/engine proof; missing strict hydrology outputs, seam continuity, and rendered water proof."
veilbreakers_terrain/handlers/terrain_water_variants.py,detect_wetlands,C+,C+,ADD_LIVE_VISUAL_GOLDEN,"Helper reachable from runtime/test paths, but strict B evidence is incomplete without live visual/engine proof.","No attached per-callable live visual/engine proof; missing strict hydrology outputs, seam continuity, and rendered water proof."
veilbreakers_terrain/handlers/terrain_water_variants.py,apply_seasonal_water_state,C,C,WIRE_OR_DEPRECATE,Test-only or unwired according to R12; needs production wiring or removal before any higher grade.,"No attached per-callable live visual/engine proof; missing strict hydrology outputs, seam continuity, and rendered water proof."
veilbreakers_terrain/handlers/terrain_water_variants.py,pass_water_variants,C+,C+,ADD_LIVE_VISUAL_GOLDEN,"Runtime-primary path with some test/caller evidence, but strict B evidence is incomplete without live visual/engine proof.","No attached per-callable live visual/engine proof; missing strict hydrology outputs, seam continuity, and rendered water proof."
veilbreakers_terrain/handlers/terrain_water_variants.py,register_water_variants_pass,C,C,ADD_DIRECT_TESTS,"Runtime-primary path, but direct contract/behavior tests are incomplete for strict grading.","No attached per-callable live visual/engine proof; missing strict hydrology outputs, seam continuity, and rendered water proof."
veilbreakers_terrain/handlers/terrain_water_variants.py,get_geyser_specs,D+,D+,DEPRECATE_OR_REMOVE,R12 wiring scan marks orphan_candidate; no practical production runtime caller was accepted for strict audit.,"No attached per-callable live visual/engine proof; missing strict hydrology outputs, seam continuity, and rendered water proof."
veilbreakers_terrain/handlers/terrain_water_variants.py,get_swamp_specs,D+,D+,DEPRECATE_OR_REMOVE,R12 wiring scan marks orphan_candidate; no practical production runtime caller was accepted for strict audit.,"No attached per-callable live visual/engine proof; missing strict hydrology outputs, seam continuity, and rendered water proof."
veilbreakers_terrain/handlers/terrain_water_variants.py,_fbm_noise_2d,C,C,ADD_DIRECT_TESTS,"Helper reachable, but direct tests and parent-surface proof are incomplete.","No attached per-callable live visual/engine proof; missing strict hydrology outputs, seam continuity, and rendered water proof."
veilbreakers_terrain/handlers/terrain_water_variants.py,generate_water_bottom_mesh,D+,D+,DEPRECATE_OR_REMOVE,R12 wiring scan marks orphan_candidate; no practical production runtime caller was accepted for strict audit.,"No attached per-callable live visual/engine proof; missing strict hydrology outputs, seam continuity, and rendered water proof."
veilbreakers_terrain/handlers/terrain_water_variants.py,pass_bathymetry,C,C,ADD_DIRECT_TESTS,"Runtime-primary path, but direct contract/behavior tests are incomplete for strict grading.","No attached per-callable live visual/engine proof; missing strict hydrology outputs, seam continuity, and rendered water proof."
veilbreakers_terrain/handlers/terrain_water_variants.py,register_bathymetry_pass,C,C,ADD_DIRECT_TESTS,"Runtime-primary path, but direct contract/behavior tests are incomplete for strict grading.","No attached per-callable live visual/engine proof; missing strict hydrology outputs, seam continuity, and rendered water proof."
veilbreakers_terrain/handlers/terrain_waterfalls.py,export_water_mesh_vertices,C,C,WIRE_OR_DEPRECATE,Test-only or unwired according to R12; needs production wiring or removal before any higher grade.,"No attached per-callable live visual/engine proof; missing strict hydrology outputs, seam continuity, and rendered water proof."
veilbreakers_terrain/handlers/terrain_waterfalls.py,detect_waterfall_lip_candidates,C+,C+,ADD_LIVE_VISUAL_GOLDEN,"Helper reachable from runtime/test paths, but strict B evidence is incomplete without live visual/engine proof.","No attached per-callable live visual/engine proof; missing strict hydrology outputs, seam continuity, and rendered water proof."
veilbreakers_terrain/handlers/terrain_waterfalls.py,solve_waterfall_from_river,C+,C+,ADD_LIVE_VISUAL_GOLDEN,"Helper reachable from runtime/test paths, but strict B evidence is incomplete without live visual/engine proof.","No attached per-callable live visual/engine proof; missing strict hydrology outputs, seam continuity, and rendered water proof."
veilbreakers_terrain/handlers/terrain_waterfalls.py,_generate_local_waterfall_foam_mask,C,C,ADD_DIRECT_TESTS,"Helper reachable, but direct tests and parent-surface proof are incomplete.","No attached per-callable live visual/engine proof; missing strict hydrology outputs, seam continuity, and rendered water proof."
veilbreakers_terrain/handlers/terrain_waterfalls.py,blend_velocity_to_water_body,C+,C+,ADD_LIVE_VISUAL_GOLDEN,"Helper reachable from runtime/test paths, but strict B evidence is incomplete without live visual/engine proof.","No attached per-callable live visual/engine proof; missing strict hydrology outputs, seam continuity, and rendered water proof."
veilbreakers_terrain/handlers/terrain_waterfalls.py,validate_waterfall_system,C+,C+,ADD_LIVE_VISUAL_GOLDEN,"Helper reachable from runtime/test paths, but strict B evidence is incomplete without live visual/engine proof.","No attached per-callable live visual/engine proof; missing strict hydrology outputs, seam continuity, and rendered water proof."
veilbreakers_terrain/handlers/terrain_waterfalls.py,validate_waterfall_volumetric,C,D+,DEPRECATE_OR_REMOVE,Duplicate validation surface also exists in terrain_waterfalls_volumetric.py; keep one wired validator and remove or alias this one.,"No attached per-callable live visual/engine proof; missing strict hydrology outputs, seam continuity, and rendered water proof."
veilbreakers_terrain/handlers/terrain_waterfalls.py,pass_waterfall_mist,C+,C+,ADD_LIVE_VISUAL_GOLDEN,"Runtime-primary path with some test/caller evidence, but strict B evidence is incomplete without live visual/engine proof.","No attached per-callable live visual/engine proof; missing strict hydrology outputs, seam continuity, and rendered water proof."
veilbreakers_terrain/handlers/terrain_waterfalls_volumetric.py,build_waterfall_volume_bounds,C,C,WIRE_OR_DEPRECATE,Test-only or unwired according to R12; needs production wiring or removal before any higher grade.,"No attached per-callable live visual/engine proof; missing strict hydrology outputs, seam continuity, and rendered water proof."
veilbreakers_terrain/handlers/terrain_waterfalls_volumetric.py,build_waterfall_functional_object_names,C+,C+,ADD_LIVE_VISUAL_GOLDEN,"Helper reachable from runtime/test paths, but strict B evidence is incomplete without live visual/engine proof.","No attached per-callable live visual/engine proof; missing strict hydrology outputs, seam continuity, and rendered water proof."
veilbreakers_terrain/handlers/terrain_waterfalls_volumetric.py,validate_waterfall_volumetric,C,C,WIRE_OR_DEPRECATE,Test-only or unwired according to R12; needs production wiring or removal before any higher grade.,"No attached per-callable live visual/engine proof; missing strict hydrology outputs, seam continuity, and rendered water proof."
veilbreakers_terrain/handlers/terrain_waterfalls_volumetric.py,validate_waterfall_volume_bounds,C,C,WIRE_OR_DEPRECATE,Test-only or unwired according to R12; needs production wiring or removal before any higher grade.,"No attached per-callable live visual/engine proof; missing strict hydrology outputs, seam continuity, and rendered water proof."
veilbreakers_terrain/handlers/terrain_waterfalls_volumetric.py,validate_waterfall_anchor_screen_space,C,C,WIRE_OR_DEPRECATE,Test-only or unwired according to R12; needs production wiring or removal before any higher grade.,"No attached per-callable live visual/engine proof; missing strict hydrology outputs, seam continuity, and rendered water proof."
veilbreakers_terrain/procedural_meshes.py,generate_dripping_water_mesh,D+,C,ADD_DIRECT_TESTS,"Registry/wrapper mesh primitive is reachable, but not directly proved as an integrated road/water terrain surface.","No attached per-callable live visual/engine proof; missing strict hydrology outputs, seam continuity, and rendered water proof."
scripts/batch_ingest_tripo_downloads.py,_ledger_path,D+,D+,EXTERNAL_TRIPO_DEPENDENCY,"Tripo-specific ledger/download helper; code quality can be assessed, but external Tripo asset dependency blocks terrain-runtime proof.","No attached per-callable live visual/engine proof; missing strict slope/obstacle-aware routing, terrain deformation, continuity, side dressing, and rendered road integration proof."
scripts/build_function_upgrade_path.py,parse_args,D+,D+,ADD_CI_GATE_OR_WIRE,Standalone script callable with no callable-wiring row; not a default terrain runtime path and lacks CI gate integration.,"No attached per-callable live visual/engine proof; missing strict slope/obstacle-aware routing, terrain deformation, continuity, side dressing, and rendered road integration proof."
scripts/build_function_upgrade_path.py,_domain,D+,D+,ADD_CI_GATE_OR_WIRE,Standalone script callable with no callable-wiring row; not a default terrain runtime path and lacks CI gate integration.,"No attached per-callable live visual/engine proof; missing strict slope/obstacle-aware routing, terrain deformation, continuity, side dressing, and rendered road integration proof."
scripts/build_function_upgrade_path.py,_priority,D+,D+,ADD_CI_GATE_OR_WIRE,Standalone script callable with no callable-wiring row; not a default terrain runtime path and lacks CI gate integration.,"No attached per-callable live visual/engine proof; missing strict slope/obstacle-aware routing, terrain deformation, continuity, side dressing, and rendered road integration proof."
scripts/build_function_upgrade_path.py,_status,D+,D+,ADD_CI_GATE_OR_WIRE,Standalone script callable with no callable-wiring row; not a default terrain runtime path and lacks CI gate integration.,"No attached per-callable live visual/engine proof; missing strict slope/obstacle-aware routing, terrain deformation, continuity, side dressing, and rendered road integration proof."
scripts/build_function_upgrade_path.py,_upgrade_steps,D+,D+,ADD_CI_GATE_OR_WIRE,Standalone script callable with no callable-wiring row; not a default terrain runtime path and lacks CI gate integration.,"No attached per-callable live visual/engine proof; missing strict slope/obstacle-aware routing, terrain deformation, continuity, side dressing, and rendered road integration proof."
scripts/build_function_upgrade_path.py,_relative_grade_path,D+,D+,ADD_CI_GATE_OR_WIRE,Standalone script callable with no callable-wiring row; not a default terrain runtime path and lacks CI gate integration.,"No attached per-callable live visual/engine proof; missing strict slope/obstacle-aware routing, terrain deformation, continuity, side dressing, and rendered road integration proof."
scripts/build_function_upgrade_path.py,main,D+,D+,ADD_CI_GATE_OR_WIRE,Standalone script callable with no callable-wiring row; not a default terrain runtime path and lacks CI gate integration.,"No attached per-callable live visual/engine proof; missing strict slope/obstacle-aware routing, terrain deformation, continuity, side dressing, and rendered road integration proof."
scripts/build_verified_grades_gap_report.py,_relative_grade_path,D+,D+,ADD_CI_GATE_OR_WIRE,Standalone script callable with no callable-wiring row; not a default terrain runtime path and lacks CI gate integration.,"No attached per-callable live visual/engine proof; missing strict slope/obstacle-aware routing, terrain deformation, continuity, side dressing, and rendered road integration proof."
scripts/generate_strict_grade_audit.py,generic_aaa_path,D+,D+,ADD_CI_GATE_OR_WIRE,Standalone script callable with no callable-wiring row; not a default terrain runtime path and lacks CI gate integration.,"No attached per-callable live visual/engine proof; missing strict slope/obstacle-aware routing, terrain deformation, continuity, side dressing, and rendered road integration proof."
scripts/generate_strict_grade_audit.py,build_aaa_path,D+,D+,ADD_CI_GATE_OR_WIRE,Standalone script callable with no callable-wiring row; not a default terrain runtime path and lacks CI gate integration.,"No attached per-callable live visual/engine proof; missing strict slope/obstacle-aware routing, terrain deformation, continuity, side dressing, and rendered road integration proof."
scripts/open_aaa_node_v1.py,_resolve_blend_path,D+,D+,ADD_CI_GATE_OR_WIRE,Standalone script callable with no callable-wiring row; not a default terrain runtime path and lacks CI gate integration.,"No attached per-callable live visual/engine proof; missing strict slope/obstacle-aware routing, terrain deformation, continuity, side dressing, and rendered road integration proof."
veilbreakers_terrain/handlers/_bridge_mesh.py,generate_terrain_bridge_mesh,C+,C+,ADD_LIVE_VISUAL_GOLDEN,"Helper reachable from runtime/test paths, but strict B evidence is incomplete without live visual/engine proof.","No attached per-callable live visual/engine proof; missing strict slope/obstacle-aware routing, terrain deformation, continuity, side dressing, and rendered road integration proof."
veilbreakers_terrain/handlers/_mesh_bridge.py,_lsystem_tree_generator,D+,D+,DEPRECATE_OR_REMOVE,R12 wiring scan marks orphan_candidate; no practical production runtime caller was accepted for strict audit.,"No attached per-callable live visual/engine proof; missing strict slope/obstacle-aware routing, terrain deformation, continuity, side dressing, and rendered road integration proof."
veilbreakers_terrain/handlers/_mesh_bridge.py,get_material_for_category,D+,D+,DEPRECATE_OR_REMOVE,R12 wiring scan marks orphan_candidate; no practical production runtime caller was accepted for strict audit.,"No attached per-callable live visual/engine proof; missing strict slope/obstacle-aware routing, terrain deformation, continuity, side dressing, and rendered road integration proof."
veilbreakers_terrain/handlers/_mesh_bridge.py,_face_normal,C+,C+,ADD_LIVE_VISUAL_GOLDEN,"Helper reachable from runtime/test paths, but strict B evidence is incomplete without live visual/engine proof.","No attached per-callable live visual/engine proof; missing strict slope/obstacle-aware routing, terrain deformation, continuity, side dressing, and rendered road integration proof."
veilbreakers_terrain/handlers/_mesh_bridge.py,_dot3,C,C,ADD_DIRECT_TESTS,"Helper reachable, but direct tests and parent-surface proof are incomplete.","No attached per-callable live visual/engine proof; missing strict slope/obstacle-aware routing, terrain deformation, continuity, side dressing, and rendered road integration proof."
veilbreakers_terrain/handlers/_mesh_bridge.py,post_boolean_cleanup,D+,D+,DEPRECATE_OR_REMOVE,R12 wiring scan marks orphan_candidate; no practical production runtime caller was accepted for strict audit.,"No attached per-callable live visual/engine proof; missing strict slope/obstacle-aware routing, terrain deformation, continuity, side dressing, and rendered road integration proof."
veilbreakers_terrain/handlers/_mesh_bridge.py,resolve_generator,C,C,ADD_DIRECT_TESTS,"Helper reachable, but direct tests and parent-surface proof are incomplete.","No attached per-callable live visual/engine proof; missing strict slope/obstacle-aware routing, terrain deformation, continuity, side dressing, and rendered road integration proof."
veilbreakers_terrain/handlers/_mesh_bridge.py,_compute_aabb,C+,C+,ADD_LIVE_VISUAL_GOLDEN,"Helper reachable from runtime/test paths, but strict B evidence is incomplete without live visual/engine proof.","No attached per-callable live visual/engine proof; missing strict slope/obstacle-aware routing, terrain deformation, continuity, side dressing, and rendered road integration proof."
veilbreakers_terrain/handlers/_mesh_bridge.py,_cluster_vertices,C+,C+,ADD_LIVE_VISUAL_GOLDEN,"Helper reachable from runtime/test paths, but strict B evidence is incomplete without live visual/engine proof.","No attached per-callable live visual/engine proof; missing strict slope/obstacle-aware routing, terrain deformation, continuity, side dressing, and rendered road integration proof."
veilbreakers_terrain/handlers/_mesh_bridge.py,_make_billboard_spec,C+,C+,ADD_LIVE_VISUAL_GOLDEN,"Helper reachable from runtime/test paths, but strict B evidence is incomplete without live visual/engine proof.","No attached per-callable live visual/engine proof; missing strict slope/obstacle-aware routing, terrain deformation, continuity, side dressing, and rendered road integration proof."
veilbreakers_terrain/handlers/_mesh_bridge.py,generate_lod_specs,D+,D+,DEPRECATE_OR_REMOVE,R12 wiring scan marks orphan_candidate; no practical production runtime caller was accepted for strict audit.,"No attached per-callable live visual/engine proof; missing strict slope/obstacle-aware routing, terrain deformation, continuity, side dressing, and rendered road integration proof."
veilbreakers_terrain/handlers/_mesh_bridge.py,mesh_from_spec,C,C,ADD_DIRECT_TESTS,"Helper reachable, but direct tests and parent-surface proof are incomplete.","No attached per-callable live visual/engine proof; missing strict slope/obstacle-aware routing, terrain deformation, continuity, side dressing, and rendered road integration proof."
veilbreakers_terrain/handlers/_terrain_noise.py,generate_road_path_grid_legacy,C,D+,DEPRECATE_OR_REMOVE,Legacy or duplicate road helper superseded by road_network 24-dir solver or bilinear sampler; not acceptable as shipped road path.,"No attached per-callable live visual/engine proof; missing strict slope/obstacle-aware routing, terrain deformation, continuity, side dressing, and rendered road integration proof."
veilbreakers_terrain/handlers/_terrain_noise.py,smooth_road_path,C+,C+,ADD_LIVE_VISUAL_GOLDEN,"Helper reachable from runtime/test paths, but strict B evidence is incomplete without live visual/engine proof.","No attached per-callable live visual/engine proof; missing strict slope/obstacle-aware routing, terrain deformation, continuity, side dressing, and rendered road integration proof."
veilbreakers_terrain/handlers/environment.py,_resolve_road_cost_context,C,C,ADD_DIRECT_TESTS,"Helper reachable, but direct tests and parent-surface proof are incomplete.","No attached per-callable live visual/engine proof; missing strict slope/obstacle-aware routing, terrain deformation, continuity, side dressing, and rendered road integration proof."
veilbreakers_terrain/handlers/environment.py,_fill_grid_path_gaps,C+,C+,ADD_LIVE_VISUAL_GOLDEN,"Helper reachable from runtime/test paths, but strict B evidence is incomplete without live visual/engine proof.","No attached per-callable live visual/engine proof; missing strict slope/obstacle-aware routing, terrain deformation, continuity, side dressing, and rendered road integration proof."
veilbreakers_terrain/handlers/environment.py,_extract_road_network_centerline_points,C+,C+,ADD_LIVE_VISUAL_GOLDEN,"Helper reachable from runtime/test paths, but strict B evidence is incomplete without live visual/engine proof.","No attached per-callable live visual/engine proof; missing strict slope/obstacle-aware routing, terrain deformation, continuity, side dressing, and rendered road integration proof."
veilbreakers_terrain/handlers/environment.py,_extract_road_network_centerline_points._coerce_point,C,C,ADD_DIRECT_TESTS,"Helper reachable, but direct tests and parent-surface proof are incomplete.","No attached per-callable live visual/engine proof; missing strict slope/obstacle-aware routing, terrain deformation, continuity, side dressing, and rendered road integration proof."
veilbreakers_terrain/handlers/environment.py,_grid_path_from_world_centerline,C+,C+,ADD_LIVE_VISUAL_GOLDEN,"Helper reachable from runtime/test paths, but strict B evidence is incomplete without live visual/engine proof.","No attached per-callable live visual/engine proof; missing strict slope/obstacle-aware routing, terrain deformation, continuity, side dressing, and rendered road integration proof."
veilbreakers_terrain/handlers/environment.py,_grade_road_path_in_world_space,C+,C+,ADD_LIVE_VISUAL_GOLDEN,"Helper reachable from runtime/test paths, but strict B evidence is incomplete without live visual/engine proof.","No attached per-callable live visual/engine proof; missing strict slope/obstacle-aware routing, terrain deformation, continuity, side dressing, and rendered road integration proof."
veilbreakers_terrain/handlers/environment.py,_solve_road_path_with_network,C+,C+,ADD_LIVE_VISUAL_GOLDEN,"Helper reachable from runtime/test paths, but strict B evidence is incomplete without live visual/engine proof.","No attached per-callable live visual/engine proof; missing strict slope/obstacle-aware routing, terrain deformation, continuity, side dressing, and rendered road integration proof."
veilbreakers_terrain/handlers/environment.py,_apply_road_profile_to_heightmap,C+,C+,ADD_LIVE_VISUAL_GOLDEN,"Helper reachable from runtime/test paths, but strict B evidence is incomplete without live visual/engine proof.","No attached per-callable live visual/engine proof; missing strict slope/obstacle-aware routing, terrain deformation, continuity, side dressing, and rendered road integration proof."
veilbreakers_terrain/handlers/environment.py,_apply_road_profile_to_heightmap._ss,C,C,ADD_DIRECT_TESTS,"Helper reachable, but direct tests and parent-surface proof are incomplete.","No attached per-callable live visual/engine proof; missing strict slope/obstacle-aware routing, terrain deformation, continuity, side dressing, and rendered road integration proof."
veilbreakers_terrain/handlers/environment.py,_build_road_mask_and_sdf,C+,C+,ADD_LIVE_VISUAL_GOLDEN,"Helper reachable from runtime/test paths, but strict B evidence is incomplete without live visual/engine proof.","No attached per-callable live visual/engine proof; missing strict slope/obstacle-aware routing, terrain deformation, continuity, side dressing, and rendered road integration proof."
veilbreakers_terrain/handlers/environment.py,_build_road_mask_and_sdf._fill_gaps,C,C,ADD_DIRECT_TESTS,"Helper reachable, but direct tests and parent-surface proof are incomplete.","No attached per-callable live visual/engine proof; missing strict slope/obstacle-aware routing, terrain deformation, continuity, side dressing, and rendered road integration proof."
veilbreakers_terrain/handlers/environment.py,_sample_path_indices,C+,C+,ADD_LIVE_VISUAL_GOLDEN,"Helper reachable from runtime/test paths, but strict B evidence is incomplete without live visual/engine proof.","No attached per-callable live visual/engine proof; missing strict slope/obstacle-aware routing, terrain deformation, continuity, side dressing, and rendered road integration proof."
veilbreakers_terrain/handlers/environment.py,_collect_bridge_spans,C+,C+,ADD_LIVE_VISUAL_GOLDEN,"Helper reachable from runtime/test paths, but strict B evidence is incomplete without live visual/engine proof.","No attached per-callable live visual/engine proof; missing strict slope/obstacle-aware routing, terrain deformation, continuity, side dressing, and rendered road integration proof."
veilbreakers_terrain/handlers/environment.py,_ensure_grounded_road_material,C,C,ADD_DIRECT_TESTS,"Helper reachable, but direct tests and parent-surface proof are incomplete.","No attached per-callable live visual/engine proof; missing strict slope/obstacle-aware routing, terrain deformation, continuity, side dressing, and rendered road integration proof."
veilbreakers_terrain/handlers/environment.py,_paint_road_mask_on_terrain,C+,C+,ADD_LIVE_VISUAL_GOLDEN,"Helper reachable from runtime/test paths, but strict B evidence is incomplete without live visual/engine proof.","No attached per-callable live visual/engine proof; missing strict slope/obstacle-aware routing, terrain deformation, continuity, side dressing, and rendered road integration proof."
veilbreakers_terrain/handlers/environment.py,_paint_road_mask_on_terrain._min_dist_to_path,C,C,ADD_DIRECT_TESTS,"Helper reachable, but direct tests and parent-surface proof are incomplete.","No attached per-callable live visual/engine proof; missing strict slope/obstacle-aware routing, terrain deformation, continuity, side dressing, and rendered road integration proof."
veilbreakers_terrain/handlers/environment.py,_paint_road_mask_on_terrain._ss,C,C,ADD_DIRECT_TESTS,"Helper reachable, but direct tests and parent-surface proof are incomplete.","No attached per-callable live visual/engine proof; missing strict slope/obstacle-aware routing, terrain deformation, continuity, side dressing, and rendered road integration proof."
veilbreakers_terrain/handlers/environment.py,_paint_road_mask_on_terrain._apply_blend_vec,C,C,ADD_DIRECT_TESTS,"Helper reachable, but direct tests and parent-surface proof are incomplete.","No attached per-callable live visual/engine proof; missing strict slope/obstacle-aware routing, terrain deformation, continuity, side dressing, and rendered road integration proof."
veilbreakers_terrain/handlers/environment.py,_road_clothoid_ease,C,C,ADD_DIRECT_TESTS,"Helper reachable, but direct tests and parent-surface proof are incomplete.","No attached per-callable live visual/engine proof; missing strict slope/obstacle-aware routing, terrain deformation, continuity, side dressing, and rendered road integration proof."
veilbreakers_terrain/handlers/environment.py,_build_road_strip_geometry,C,C,ADD_DIRECT_TESTS,"Helper reachable, but direct tests and parent-surface proof are incomplete.","No attached per-callable live visual/engine proof; missing strict slope/obstacle-aware routing, terrain deformation, continuity, side dressing, and rendered road integration proof."
veilbreakers_terrain/handlers/environment.py,_create_bridge_object_from_spec,C,C,ADD_DIRECT_TESTS,"Helper reachable, but direct tests and parent-surface proof are incomplete.","No attached per-callable live visual/engine proof; missing strict slope/obstacle-aware routing, terrain deformation, continuity, side dressing, and rendered road integration proof."
veilbreakers_terrain/handlers/environment.py,handle_generate_road,C+,C+,ADD_LIVE_VISUAL_GOLDEN,"Runtime-primary path with some test/caller evidence, but strict B evidence is incomplete without live visual/engine proof.","No attached per-callable live visual/engine proof; missing strict slope/obstacle-aware routing, terrain deformation, continuity, side dressing, and rendered road integration proof."
veilbreakers_terrain/handlers/road_network.py,_build_24_directions,C,C,ADD_DIRECT_TESTS,"Helper reachable, but direct tests and parent-surface proof are incomplete.","No attached per-callable live visual/engine proof; missing strict slope/obstacle-aware routing, terrain deformation, continuity, side dressing, and rendered road integration proof."
veilbreakers_terrain/handlers/road_network.py,_dist3,C,C,ADD_DIRECT_TESTS,"Helper reachable, but direct tests and parent-surface proof are incomplete.","No attached per-callable live visual/engine proof; missing strict slope/obstacle-aware routing, terrain deformation, continuity, side dressing, and rendered road integration proof."
veilbreakers_terrain/handlers/road_network.py,_dist2,C,C,ADD_DIRECT_TESTS,"Helper reachable, but direct tests and parent-surface proof are incomplete.","No attached per-callable live visual/engine proof; missing strict slope/obstacle-aware routing, terrain deformation, continuity, side dressing, and rendered road integration proof."
veilbreakers_terrain/handlers/road_network.py,_slope_penalty,C,C,ADD_DIRECT_TESTS,"Helper reachable, but direct tests and parent-surface proof are incomplete.","No attached per-callable live visual/engine proof; missing strict slope/obstacle-aware routing, terrain deformation, continuity, side dressing, and rendered road integration proof."
veilbreakers_terrain/handlers/road_network.py,_astar_24dir,C,C,ADD_DIRECT_TESTS,"Helper reachable, but direct tests and parent-surface proof are incomplete.","No attached per-callable live visual/engine proof; missing strict slope/obstacle-aware routing, terrain deformation, continuity, side dressing, and rendered road integration proof."
veilbreakers_terrain/handlers/road_network.py,_astar_24dir._world_to_grid,C+,C+,ADD_LIVE_VISUAL_GOLDEN,"Helper reachable from runtime/test paths, but strict B evidence is incomplete without live visual/engine proof.","No attached per-callable live visual/engine proof; missing strict slope/obstacle-aware routing, terrain deformation, continuity, side dressing, and rendered road integration proof."
veilbreakers_terrain/handlers/road_network.py,_astar_24dir._grid_to_world,C,C,ADD_DIRECT_TESTS,"Helper reachable, but direct tests and parent-surface proof are incomplete.","No attached per-callable live visual/engine proof; missing strict slope/obstacle-aware routing, terrain deformation, continuity, side dressing, and rendered road integration proof."
veilbreakers_terrain/handlers/road_network.py,_astar_24dir._heuristic,C,C,ADD_DIRECT_TESTS,"Helper reachable, but direct tests and parent-surface proof are incomplete.","No attached per-callable live visual/engine proof; missing strict slope/obstacle-aware routing, terrain deformation, continuity, side dressing, and rendered road integration proof."
veilbreakers_terrain/handlers/road_network.py,_simplify_path_rdp,C+,C+,ADD_LIVE_VISUAL_GOLDEN,"Helper reachable from runtime/test paths, but strict B evidence is incomplete without live visual/engine proof.","No attached per-callable live visual/engine proof; missing strict slope/obstacle-aware routing, terrain deformation, continuity, side dressing, and rendered road integration proof."
veilbreakers_terrain/handlers/road_network.py,compute_mst_edges,C+,C+,ADD_LIVE_VISUAL_GOLDEN,"Helper reachable from runtime/test paths, but strict B evidence is incomplete without live visual/engine proof.","No attached per-callable live visual/engine proof; missing strict slope/obstacle-aware routing, terrain deformation, continuity, side dressing, and rendered road integration proof."
veilbreakers_terrain/handlers/road_network.py,compute_mst_edges._find,C,C,ADD_DIRECT_TESTS,"Helper reachable, but direct tests and parent-surface proof are incomplete.","No attached per-callable live visual/engine proof; missing strict slope/obstacle-aware routing, terrain deformation, continuity, side dressing, and rendered road integration proof."
veilbreakers_terrain/handlers/road_network.py,compute_mst_edges._union,C,C,ADD_DIRECT_TESTS,"Helper reachable, but direct tests and parent-surface proof are incomplete.","No attached per-callable live visual/engine proof; missing strict slope/obstacle-aware routing, terrain deformation, continuity, side dressing, and rendered road integration proof."
veilbreakers_terrain/handlers/road_network.py,_classify_road_type,C+,C+,ADD_LIVE_VISUAL_GOLDEN,"Helper reachable from runtime/test paths, but strict B evidence is incomplete without live visual/engine proof.","No attached per-callable live visual/engine proof; missing strict slope/obstacle-aware routing, terrain deformation, continuity, side dressing, and rendered road integration proof."
veilbreakers_terrain/handlers/road_network.py,_classify_road_type_extended,C+,C+,ADD_LIVE_VISUAL_GOLDEN,"Helper reachable from runtime/test paths, but strict B evidence is incomplete without live visual/engine proof.","No attached per-callable live visual/engine proof; missing strict slope/obstacle-aware routing, terrain deformation, continuity, side dressing, and rendered road integration proof."
veilbreakers_terrain/handlers/road_network.py,_compute_slope_degrees,C+,C+,ADD_LIVE_VISUAL_GOLDEN,"Helper reachable from runtime/test paths, but strict B evidence is incomplete without live visual/engine proof.","No attached per-callable live visual/engine proof; missing strict slope/obstacle-aware routing, terrain deformation, continuity, side dressing, and rendered road integration proof."
veilbreakers_terrain/handlers/road_network.py,_generate_switchback_points,C+,C+,ADD_LIVE_VISUAL_GOLDEN,"Helper reachable from runtime/test paths, but strict B evidence is incomplete without live visual/engine proof.","No attached per-callable live visual/engine proof; missing strict slope/obstacle-aware routing, terrain deformation, continuity, side dressing, and rendered road integration proof."
veilbreakers_terrain/handlers/road_network.py,_compute_worn_path_spec,C+,C+,ADD_LIVE_VISUAL_GOLDEN,"Helper reachable from runtime/test paths, but strict B evidence is incomplete without live visual/engine proof.","No attached per-callable live visual/engine proof; missing strict slope/obstacle-aware routing, terrain deformation, continuity, side dressing, and rendered road integration proof."
veilbreakers_terrain/handlers/road_network.py,_closest_point_on_segment,C+,C+,ADD_LIVE_VISUAL_GOLDEN,"Helper reachable from runtime/test paths, but strict B evidence is incomplete without live visual/engine proof.","No attached per-callable live visual/engine proof; missing strict slope/obstacle-aware routing, terrain deformation, continuity, side dressing, and rendered road integration proof."
veilbreakers_terrain/handlers/road_network.py,_segments_near,C,D+,DEPRECATE_OR_REMOVE,"R12 marks test_only_or_unwired; practical scan found no accepted production caller, so treat as dead/unwired.","No attached per-callable live visual/engine proof; missing strict slope/obstacle-aware routing, terrain deformation, continuity, side dressing, and rendered road integration proof."
veilbreakers_terrain/handlers/road_network.py,_classify_intersection,C,C,WIRE_OR_DEPRECATE,Test-only or unwired according to R12; needs production wiring or removal before any higher grade.,"No attached per-callable live visual/engine proof; missing strict slope/obstacle-aware routing, terrain deformation, continuity, side dressing, and rendered road integration proof."
veilbreakers_terrain/handlers/road_network.py,_sample_heightmap_bilinear,C+,C+,ADD_LIVE_VISUAL_GOLDEN,"Helper reachable from runtime/test paths, but strict B evidence is incomplete without live visual/engine proof.","No attached per-callable live visual/engine proof; missing strict slope/obstacle-aware routing, terrain deformation, continuity, side dressing, and rendered road integration proof."
veilbreakers_terrain/handlers/road_network.py,_sample_heightmap,D+,D+,DEPRECATE_OR_REMOVE,R12 wiring scan marks orphan_candidate; no practical production runtime caller was accepted for strict audit.,"No attached per-callable live visual/engine proof; missing strict slope/obstacle-aware routing, terrain deformation, continuity, side dressing, and rendered road integration proof."
veilbreakers_terrain/handlers/road_network.py,_detect_bridges,C+,C+,ADD_LIVE_VISUAL_GOLDEN,"Helper reachable from runtime/test paths, but strict B evidence is incomplete without live visual/engine proof.","No attached per-callable live visual/engine proof; missing strict slope/obstacle-aware routing, terrain deformation, continuity, side dressing, and rendered road integration proof."
veilbreakers_terrain/handlers/road_network.py,_road_cross_section_z,C+,C+,ADD_LIVE_VISUAL_GOLDEN,"Helper reachable from runtime/test paths, but strict B evidence is incomplete without live visual/engine proof.","No attached per-callable live visual/engine proof; missing strict slope/obstacle-aware routing, terrain deformation, continuity, side dressing, and rendered road integration proof."
veilbreakers_terrain/handlers/road_network.py,_road_segment_mesh_spec,C+,C+,ADD_LIVE_VISUAL_GOLDEN,"Helper reachable from runtime/test paths, but strict B evidence is incomplete without live visual/engine proof.","No attached per-callable live visual/engine proof; missing strict slope/obstacle-aware routing, terrain deformation, continuity, side dressing, and rendered road integration proof."
veilbreakers_terrain/handlers/road_network.py,_bridge_mesh_spec,C+,C+,ADD_LIVE_VISUAL_GOLDEN,"Helper reachable from runtime/test paths, but strict B evidence is incomplete without live visual/engine proof.","No attached per-callable live visual/engine proof; missing strict slope/obstacle-aware routing, terrain deformation, continuity, side dressing, and rendered road integration proof."
veilbreakers_terrain/handlers/road_network.py,compute_road_network,C+,C+,ADD_LIVE_VISUAL_GOLDEN,"Helper reachable from runtime/test paths, but strict B evidence is incomplete without live visual/engine proof.","No attached per-callable live visual/engine proof; missing strict slope/obstacle-aware routing, terrain deformation, continuity, side dressing, and rendered road integration proof."
veilbreakers_terrain/handlers/road_network.py,compute_road_network._traffic_for_pair,C,C,ADD_DIRECT_TESTS,"Helper reachable, but direct tests and parent-surface proof are incomplete.","No attached per-callable live visual/engine proof; missing strict slope/obstacle-aware routing, terrain deformation, continuity, side dressing, and rendered road integration proof."
veilbreakers_terrain/handlers/road_network.py,handle_compute_road_network,C,C,ADD_DIRECT_TESTS,"Runtime-primary path, but direct contract/behavior tests are incomplete for strict grading.","No attached per-callable live visual/engine proof; missing strict slope/obstacle-aware routing, terrain deformation, continuity, side dressing, and rendered road integration proof."
veilbreakers_terrain/handlers/terrain_addon_health.py,_addon_init_path,C,C,ADD_DIRECT_TESTS,"Helper reachable, but direct tests and parent-surface proof are incomplete.","No attached per-callable live visual/engine proof; missing strict slope/obstacle-aware routing, terrain deformation, continuity, side dressing, and rendered road integration proof."
veilbreakers_terrain/handlers/terrain_caves.py,_astar_cave_path,C,C,ADD_DIRECT_TESTS,"Helper reachable, but direct tests and parent-surface proof are incomplete.","No attached per-callable live visual/engine proof; missing strict slope/obstacle-aware routing, terrain deformation, continuity, side dressing, and rendered road integration proof."
veilbreakers_terrain/handlers/terrain_caves.py,_astar_cave_path._heuristic,C,C,ADD_DIRECT_TESTS,"Helper reachable, but direct tests and parent-surface proof are incomplete.","No attached per-callable live visual/engine proof; missing strict slope/obstacle-aware routing, terrain deformation, continuity, side dressing, and rendered road integration proof."
veilbreakers_terrain/handlers/terrain_caves.py,generate_cave_path,C+,C+,ADD_LIVE_VISUAL_GOLDEN,"Helper reachable from runtime/test paths, but strict B evidence is incomplete without live visual/engine proof.","No attached per-callable live visual/engine proof; missing strict slope/obstacle-aware routing, terrain deformation, continuity, side dressing, and rendered road integration proof."
veilbreakers_terrain/handlers/terrain_caves.py,scatter_collapse_debris._path_point_at_dist,C,C,ADD_DIRECT_TESTS,"Helper reachable, but direct tests and parent-surface proof are incomplete.","No attached per-callable live visual/engine proof; missing strict slope/obstacle-aware routing, terrain deformation, continuity, side dressing, and rendered road integration proof."
veilbreakers_terrain/handlers/terrain_foliage_catalog.py,default_asset_catalog_path,C,C,ADD_DIRECT_TESTS,"Helper reachable, but direct tests and parent-surface proof are incomplete.","No attached per-callable live visual/engine proof; missing strict slope/obstacle-aware routing, terrain deformation, continuity, side dressing, and rendered road integration proof."
veilbreakers_terrain/handlers/terrain_glacial.py,_path_to_cells,C,C,ADD_DIRECT_TESTS,"Helper reachable, but direct tests and parent-surface proof are incomplete.","No attached per-callable live visual/engine proof; missing strict slope/obstacle-aware routing, terrain deformation, continuity, side dressing, and rendered road integration proof."
veilbreakers_terrain/handlers/terrain_hot_reload.py,_module_path,C,C,ADD_DIRECT_TESTS,"Helper reachable, but direct tests and parent-surface proof are incomplete.","No attached per-callable live visual/engine proof; missing strict slope/obstacle-aware routing, terrain deformation, continuity, side dressing, and rendered road integration proof."
veilbreakers_terrain/handlers/terrain_legacy_bug_fixes.py,_default_terrain_advanced_path,C,C,ADD_DIRECT_TESTS,"Helper reachable, but direct tests and parent-surface proof are incomplete.","No attached per-callable live visual/engine proof; missing strict slope/obstacle-aware routing, terrain deformation, continuity, side dressing, and rendered road integration proof."
veilbreakers_terrain/handlers/terrain_materials_v2.py,apply_sdf_road_blend,C+,C+,ADD_LIVE_VISUAL_GOLDEN,"Helper reachable from runtime/test paths, but strict B evidence is incomplete without live visual/engine proof.","No attached per-callable live visual/engine proof; missing strict slope/obstacle-aware routing, terrain deformation, continuity, side dressing, and rendered road integration proof."
veilbreakers_terrain/handlers/terrain_twelve_step.py,_build_road_cost_map,C+,C+,ADD_LIVE_VISUAL_GOLDEN,"Helper reachable from runtime/test paths, but strict B evidence is incomplete without live visual/engine proof.","No attached per-callable live visual/engine proof; missing strict slope/obstacle-aware routing, terrain deformation, continuity, side dressing, and rendered road integration proof."
veilbreakers_terrain/handlers/terrain_twelve_step.py,_road_type_for_anchor_pair,C+,C+,ADD_LIVE_VISUAL_GOLDEN,"Helper reachable from runtime/test paths, but strict B evidence is incomplete without live visual/engine proof.","No attached per-callable live visual/engine proof; missing strict slope/obstacle-aware routing, terrain deformation, continuity, side dressing, and rendered road integration proof."
veilbreakers_terrain/handlers/terrain_twelve_step.py,_road_profile_params,C+,C+,ADD_LIVE_VISUAL_GOLDEN,"Helper reachable from runtime/test paths, but strict B evidence is incomplete without live visual/engine proof.","No attached per-callable live visual/engine proof; missing strict slope/obstacle-aware routing, terrain deformation, continuity, side dressing, and rendered road integration proof."
veilbreakers_terrain/handlers/terrain_twelve_step.py,_resolve_road_solver_bounds,C,C,ADD_DIRECT_TESTS,"Helper reachable, but direct tests and parent-surface proof are incomplete.","No attached per-callable live visual/engine proof; missing strict slope/obstacle-aware routing, terrain deformation, continuity, side dressing, and rendered road integration proof."
veilbreakers_terrain/handlers/terrain_twelve_step.py,_world_path_to_grid_cells,C,C,ADD_DIRECT_TESTS,"Helper reachable, but direct tests and parent-surface proof are incomplete.","No attached per-callable live visual/engine proof; missing strict slope/obstacle-aware routing, terrain deformation, continuity, side dressing, and rendered road integration proof."
veilbreakers_terrain/handlers/terrain_twelve_step.py,_generate_road_mesh_specs,C+,C+,ADD_LIVE_VISUAL_GOLDEN,"Helper reachable from runtime/test paths, but strict B evidence is incomplete without live visual/engine proof.","No attached per-callable live visual/engine proof; missing strict slope/obstacle-aware routing, terrain deformation, continuity, side dressing, and rendered road integration proof."
veilbreakers_terrain/handlers/terrain_twelve_step.py,_apply_road_profile_to_heightmap,C+,C+,ADD_LIVE_VISUAL_GOLDEN,"Helper reachable from runtime/test paths, but strict B evidence is incomplete without live visual/engine proof.","No attached per-callable live visual/engine proof; missing strict slope/obstacle-aware routing, terrain deformation, continuity, side dressing, and rendered road integration proof."
veilbreakers_terrain/procedural_meshes.py,generate_bridge_mesh,D+,C,ADD_DIRECT_TESTS,"Registry/wrapper mesh primitive is reachable, but not directly proved as an integrated road/water terrain surface.","No attached per-callable live visual/engine proof; missing strict slope/obstacle-aware routing, terrain deformation, continuity, side dressing, and rendered road integration proof."
veilbreakers_terrain/procedural_meshes.py,generate_bridge_stone_mesh,D+,C,ADD_DIRECT_TESTS,"Registry/wrapper mesh primitive is reachable, but not directly proved as an integrated road/water terrain surface.","No attached per-callable live visual/engine proof; missing strict slope/obstacle-aware routing, terrain deformation, continuity, side dressing, and rendered road integration proof."
veilbreakers_terrain/procedural_meshes.py,generate_rope_bridge_mesh,D+,C,ADD_DIRECT_TESTS,"Registry/wrapper mesh primitive is reachable, but not directly proved as an integrated road/water terrain surface.","No attached per-callable live visual/engine proof; missing strict slope/obstacle-aware routing, terrain deformation, continuity, side dressing, and rendered road integration proof."
veilbreakers_terrain/procedural_meshes.py,generate_bridge_plank_mesh,D+,C,ADD_DIRECT_TESTS,"Registry/wrapper mesh primitive is reachable, but not directly proved as an integrated road/water terrain surface.","No attached per-callable live visual/engine proof; missing strict slope/obstacle-aware routing, terrain deformation, continuity, side dressing, and rendered road integration proof."
